{
  "listItemIdentifier": "Sports",
  "ordinalNumber": 1,
  "textContent": {
    "primaryText": {
      "type": "PlainText",
      "text": ""
    },
      "secondaryText": {
        "type": "PlainText",
        "text": ""
      }
  },
  "image":{
    "contentDescription": "",
    "smallSourceUrl": "",
    "largeSourceUrl": "",
    "sources": [
      {
        "url": "",
        "size": "small",
        "widthPixels": 0,
        "heightPixels": 0
      },
      {
        "url": "",
        "size": "large",
        "widthPixels": 0,
        "heightPixels": 0
      }
    ]
  },
  "token": "Sports"
}
