{
  "Combined Print and E-Book Fiction": "https://s3.amazonaws.com/aws-apl-contest/bestsellers/categories/fiction.jpg",
  "Combined Print and E-Book Nonfiction": "https://s3.amazonaws.com/aws-apl-contest/bestsellers/categories/nonfiction.jpg",
  "Hardcover Fiction": "https://s3.amazonaws.com/aws-apl-contest/bestsellers/categories/fiction.jpg",
  "Hardcover Nonfiction": "https://s3.amazonaws.com/aws-apl-contest/bestsellers/categories/nonfiction.jpg",
  "Trade Fiction Paperback": "https://s3.amazonaws.com/aws-apl-contest/bestsellers/categories/fiction.jpg",
  "Mass Market Paperback": "https://s3.amazonaws.com/aws-apl-contest/bestsellers/categories/fiction.jpg",
  "Paperback Nonfiction": "https://s3.amazonaws.com/aws-apl-contest/bestsellers/categories/nonfiction.jpg",
  "E-Book Fiction": "https://s3.amazonaws.com/aws-apl-contest/bestsellers/categories/fiction.jpg",
  "E-Book Nonfiction": "https://s3.amazonaws.com/aws-apl-contest/bestsellers/categories/nonfiction.jpg",
  "Hardcover Advice": "https://s3.amazonaws.com/aws-apl-contest/bestsellers/categories/advice.jpg",
  "Paperback Advice": "https://s3.amazonaws.com/aws-apl-contest/bestsellers/categories/advice.jpg",
  "Advice How-To and Miscellaneous": "https://s3.amazonaws.com/aws-apl-contest/bestsellers/categories/advice.jpg",
  "Chapter Books": "https://s3.amazonaws.com/aws-apl-contest/bestsellers/categories/chapter.jpg",
  "Childrens Middle Grade": "https://s3.amazonaws.com/aws-apl-contest/bestsellers/categories/chapter.jpg",
  "Childrens Middle Grade E-Book": "https://s3.amazonaws.com/aws-apl-contest/bestsellers/categories//childmiddlegrade.jpg",
  "Childrens Middle Grade Hardcover": "https://s3.amazonaws.com/aws-apl-contest/bestsellers/categories//childmiddlegrade.jpg",
  "Childrens Middle Grade Paperback": "https://s3.amazonaws.com/aws-apl-contest/bestsellers/categories//childmiddlegrade.jpg",
  "Paperback Books": "https://s3.amazonaws.com/aws-apl-contest/bestsellers/categories//childmiddlegrade.jpg",
  "Picture Books": "https://s3.amazonaws.com/aws-apl-contest/bestsellers/categories//picturebook.jpg",
  "Series Books": "https://s3.amazonaws.com/aws-apl-contest/bestsellers/categories//picturebook.jpg",
  "Young Adult": "https://s3.amazonaws.com/aws-apl-contest/bestsellers/categories//youngadult.jpg",
  "Young Adult E-Book": "https://s3.amazonaws.com/aws-apl-contest/bestsellers/categories//youngadult.jpg",
  "Young Adult Hardcover": "https://s3.amazonaws.com/aws-apl-contest/bestsellers/categories//youngadult.jpg",
  "Young Adult Paperback": "https://s3.amazonaws.com/aws-apl-contest/bestsellers/categories//youngadult.jpg",
  "Hardcover Graphic Books": "https://s3.amazonaws.com/aws-apl-contest/bestsellers/categories//graphic.jpg",
  "Paperback Graphic Books": "https://s3.amazonaws.com/aws-apl-contest/bestsellers/categories//graphic.jpg",
  "Manga": "https://s3.amazonaws.com/aws-apl-contest/bestsellers/categories//graphic.jpg",
  "Combined Print Fiction": "https://s3.amazonaws.com/aws-apl-contest/bestsellers/categories//graphic.jpg",
  "Combined Print Nonfiction": "https://s3.amazonaws.com/aws-apl-contest/bestsellers/categories//graphic.jpg",
  "Animals": "https://s3.amazonaws.com/aws-apl-contest/bestsellers/categories//books.jpg",
  "Audio Fiction": "https://s3.amazonaws.com/aws-apl-contest/bestsellers/categories//books.jpg",
  "Audio Nonfiction": "https://s3.amazonaws.com/aws-apl-contest/bestsellers/categories//books.jpg",
  "Business Books": "https://s3.amazonaws.com/aws-apl-contest/bestsellers/categories//business.jpg",
  "Celebrities": "https://s3.amazonaws.com/aws-apl-contest/bestsellers/categories//books.jpg",
  "Crime and Punishment": "https://s3.amazonaws.com/aws-apl-contest/bestsellers/categories//books.jpg",
  "Culture": "https://s3.amazonaws.com/aws-apl-contest/bestsellers/categories//books.jpg",
  "Education": "https://s3.amazonaws.com/aws-apl-contest/bestsellers/categories//education.jpg",
  "Espionage": "https://s3.amazonaws.com/aws-apl-contest/bestsellers/categories//books.jpg",
  "Expeditions Disasters and Adventures": "https://s3.amazonaws.com/aws-apl-contest/bestsellers/categories//adventure.jpg",
  "Fashion Manners and Customs": "https://s3.amazonaws.com/aws-apl-contest/bestsellers/categories//fashion.jpg",
  "Food and Fitness": "https://s3.amazonaws.com/aws-apl-contest/bestsellers/categories//food.jpg",
  "Games and Activities": "https://s3.amazonaws.com/aws-apl-contest/bestsellers/categories//sports2.jpg",
  "Hardcover Business Books": "https://s3.amazonaws.com/aws-apl-contest/bestsellers/categories//business.jpg",
  "Health": "https://s3.amazonaws.com/aws-apl-contest/bestsellers/categories//health.jpg",
  "Humor": "https://s3.amazonaws.com/aws-apl-contest/bestsellers/categories//humor.jpg",
  "Indigenous Americans": "https://s3.amazonaws.com/aws-apl-contest/bestsellers/categories//books.jpg",
  "Relationships": "https://s3.amazonaws.com/aws-apl-contest/bestsellers/categories//relationship.jpg",
  "Paperback Business Books": "https://s3.amazonaws.com/aws-apl-contest/bestsellers/categories//business.jpg",
  "Family": "https://s3.amazonaws.com/aws-apl-contest/bestsellers/categories//family.jpg",
  "Hardcover Political Books": "https://s3.amazonaws.com/aws-apl-contest/bestsellers/categories//politics.jpg",
  "Race and Civil Rights": "https://s3.amazonaws.com/aws-apl-contest/bestsellers/categories//justice.jpg",
  "Religion Spirituality and Faith": "https://s3.amazonaws.com/aws-apl-contest/bestsellers/categories//spiritual.jpg",
  "Science": "https://s3.amazonaws.com/aws-apl-contest/bestsellers/categories//science.jpg",
  "Sports": "https://s3.amazonaws.com/aws-apl-contest/bestsellers/categories//sports2.jpg",
  "Travel": "https://s3.amazonaws.com/aws-apl-contest/bestsellers/categories//travel.jpg"
}
